City,Cloudiness,Country,Date,Humidity,Lat,Lng,Max Temp,Windspeed
ushuaia,40,AR,1600876514,43,-54.8,-68.3,51.8,19.46
busselton,0,AU,1600876514,52,-33.65,115.33,59.0,14.09
albany,40,AU,1600876514,93,-35.02,117.89,50.0,9.17
kamloops,90,CA,1600876514,62,50.67,-120.32,59.0,13.87
bengkulu,95,ID,1600876515,89,-3.8,102.27,78.66,6.38
jamestown,39,SH,1600876515,88,-15.94,-5.72,60.66,14.52
cuencame,1,MX,1600876515,27,24.87,-103.7,73.53,4.61
tasiilaq,20,GL,1600876515,89,65.61,-37.64,32.0,3.36
hermanus,0,ZA,1600876515,74,-34.42,19.23,64.99,3
cabo san lucas,40,MX,1600876515,69,22.89,-109.91,84.0,6.93
souillac,40,MU,1600876515,68,-20.52,57.52,71.6,4.7
dunedin,80,NZ,1600876516,84,-45.87,170.5,50.0,4
callaway,1,US,1600876516,69,30.15,-85.57,82.0,14.99
hobart,75,AU,1600876468,87,-42.88,147.33,42.8,5.82
bambous virieux,40,MU,1600876516,68,-20.34,57.76,71.6,4.7
kimbe,61,PG,1600876516,88,-5.55,150.14,76.1,3.42
port alfred,20,ZA,1600876517,69,-33.59,26.89,65.32,6.15
qaanaaq,72,GL,1600876517,82,77.48,-69.36,15.66,13.78
kapaa,20,US,1600876458,78,22.08,-159.32,78.8,11.41
rikitea,4,PF,1600876517,74,-23.12,-134.97,72.03,14.18
tessalit,4,ML,1600876517,8,20.2,1.01,104.83,8.39
cape town,27,ZA,1600876432,72,-33.93,18.42,64.99,16.11
punta arenas,75,CL,1600876517,57,-53.15,-70.92,51.8,34.45
vila franca do campo,75,PT,1600876517,88,37.72,-25.43,66.2,27.51
luderitz,0,NA,1600876518,51,-26.65,15.16,64.42,5.44
maniitsoq,0,GL,1600876518,80,65.42,-52.9,34.32,13.58
yelnya,0,RU,1600876518,80,54.58,33.18,57.54,6.08
jiangyou,70,CN,1600876518,85,31.77,104.72,66.67,2.28
medicine hat,40,CA,1600876505,93,50.05,-110.67,55.0,2.24
portland,89,AU,1600876519,76,-38.33,141.6,46.56,9.04
betanzos,0,BO,1600876519,23,-19.55,-65.45,62.6,8.05
san miguel,75,PA,1600876519,83,8.54,-82.75,80.6,2.24
luena,0,AO,1600876520,21,-11.78,19.92,85.37,5.39
sao joao da barra,90,BR,1600876520,88,-21.64,-41.05,69.8,6.93
hasaki,75,JP,1600876520,100,35.73,140.83,68.0,12.75
kristiansund,75,NO,1600876520,76,63.11,7.73,48.2,13.87
saint-philippe,27,RE,1600876521,68,-21.36,55.77,69.8,8.05
kaitangata,89,NZ,1600876521,82,-46.28,169.85,48.0,4
nyurba,0,RU,1600876521,74,63.28,118.33,41.88,4.45
clyde river,20,CA,1600876521,79,70.47,-68.59,26.6,9.28
santa rosa,95,AR,1600876521,28,-36.62,-64.28,75.99,9.31
mitsamiouli,12,KM,1600876522,79,-11.38,43.28,78.37,10.92
soria,40,ES,1600876522,67,41.67,-2.67,64.99,1.99
carnarvon,69,AU,1600876522,72,-24.87,113.63,62.6,4.7
sept-iles,90,CA,1600876382,71,50.2,-66.38,53.6,8.05
kiruna,98,SE,1600876522,93,67.86,20.23,44.6,12.75
husavik,75,IS,1600876523,86,66.04,-17.34,37.4,13.87
gayny,42,RU,1600876523,81,60.31,54.32,39.74,7.56
yellowknife,75,CA,1600876502,100,62.46,-114.35,46.4,11.41
nikolskoye,0,RU,1600876523,72,59.7,30.79,66.0,4.47
cidreira,2,BR,1600876583,64,-30.18,-50.21,66.7,11.39
lebu,37,CL,1600876583,64,-37.62,-73.65,55.11,12.37
mikuni,75,JP,1600876584,88,36.22,136.15,71.6,4.7
nouadhibou,0,MR,1600876584,74,20.93,-17.03,78.8,17.22
benguela,27,AO,1600876584,83,-12.58,13.41,73.4,6.93
bam,0,IR,1600876584,20,29.11,58.36,73.71,10.54
hilo,90,US,1600876584,88,19.73,-155.09,75.2,6.93
ostrovnoy,78,RU,1600876584,71,68.05,39.51,44.47,12.97
la ronge,20,CA,1600876584,81,55.1,-105.28,48.2,9.17
vaini,20,TO,1600876584,88,-21.2,-175.2,69.8,6.93
lorengau,88,PG,1600876585,69,-2.02,147.27,82.44,5.32
victoria,20,SC,1600876459,65,-4.62,55.45,78.8,8.05
strelka,100,RU,1600876585,90,58.07,93.03,48.43,8.68
kisangani,48,CD,1600876585,68,0.52,25.2,80.49,2.26
wladyslawowo,43,PL,1600876585,49,54.79,18.4,73.4,9.17
arraial do cabo,75,BR,1600876498,60,-22.97,-42.03,75.2,11.41
tucumcari,1,US,1600876421,42,35.17,-103.72,68.0,3.36
barbastro,40,ES,1600876585,44,42.04,0.13,78.8,6.93
yeppoon,90,AU,1600876586,88,-23.13,150.73,71.6,4.7
cairns,44,AU,1600876586,83,-16.92,145.77,71.6,6.93
kununurra,34,AU,1600876586,69,-15.77,128.73,78.8,5.82
mar del plata,100,AR,1600876496,55,-38,-57.56,62.6,5.82
barrow,90,US,1600876577,63,71.29,-156.79,30.2,3.36
marsh harbour,100,BS,1600876586,57,26.54,-77.06,80.89,12.1
nhamunda,18,BR,1600876586,28,-2.19,-56.71,101.88,6.71
tailai,0,CN,1600876586,94,46.38,123.4,59.0,8.99
te anau,57,NZ,1600876587,85,-45.42,167.72,44.17,4.79
vila do maio,20,CV,1600876587,62,15.13,-23.22,87.8,11.41
bethel,1,US,1600876587,49,41.37,-73.41,69.01,11.41
moerai,54,PF,1600876587,88,-22.43,-151.33,75.06,12.73
rundu,0,NA,1600876587,11,-17.93,19.77,92.93,9.28
tortoli,20,IT,1600876587,32,39.93,9.66,82.4,12.75
nantucket,1,US,1600876519,59,41.28,-70.1,66.2,14.99
avarua,94,CK,1600876588,94,-21.21,-159.78,73.4,8.05
pevek,100,RU,1600876588,97,69.7,170.31,37.85,16.46
dingle,20,IE,1600876588,58,52.14,-10.27,57.2,8.05
castro,0,CL,1600876588,50,-42.47,-73.77,54.48,4.59
kavaratti,99,IN,1600876588,81,10.57,72.64,81.61,18.5
tiksi,38,RU,1600876588,73,71.69,128.87,43.88,12.64
thompson,75,CA,1600876588,75,55.74,-97.86,44.6,3.36
sardarshahr,88,IN,1600876589,34,28.43,74.48,96.06,5.86
caravelas,73,BR,1600876589,59,-17.71,-39.25,81.39,11.27
cayenne,68,GF,1600876589,55,4.93,-52.33,89.6,12.75
roswell,1,US,1600876411,64,34.02,-84.36,71.01,3.36
ulladulla,0,AU,1600876357,58,-35.35,150.47,55.4,14.99
longyearbyen,75,SJ,1600876589,91,78.22,15.64,32.0,11.41
mattru,77,SL,1600876589,89,7.62,-11.83,79.84,5.91
mongo,51,TD,1600876590,60,12.18,18.69,86.94,9.28
porto walter,83,BR,1600876590,41,-8.27,-72.74,90.39,4.7
balsas,46,BR,1600876590,25,-7.53,-46.04,100.6,5.77
khatanga,100,RU,1600876650,92,71.97,102.5,46.72,5.82
hovin,100,NO,1600876650,74,63.11,10.22,51.01,4
shieli,97,KZ,1600876650,33,44.17,66.75,59.4,8.61
lodja,64,CD,1600876384,79,-3.48,23.43,76.57,1.34
prince george,40,CA,1600876430,62,53.92,-122.75,55.4,16.11
tebingtinggi,76,ID,1600876651,92,3.33,99.16,75.96,2.39
atuona,30,PF,1600876651,72,-9.8,-139.03,77.94,22.32
new norfolk,43,AU,1600876651,76,-42.78,147.06,41.0,2.33
leeton,75,AU,1600876651,93,-34.57,146.4,48.0,8.05
saint george,40,BM,1600876651,47,32.38,-64.68,78.8,9.17
richards bay,0,ZA,1600876651,71,-28.78,32.04,69.73,12.3
faanui,19,PF,1600876651,79,-16.48,-151.75,78.44,15.64
ginir,85,ET,1600876651,81,7.13,40.7,62.22,5.17
rio gallegos,75,AR,1600876652,37,-51.62,-69.22,55.4,13.87
korla,92,CN,1600876652,70,41.76,86.15,71.01,3
sakakah,8,SA,1600876652,10,29.97,40.21,100.4,0.74
juneau,90,US,1600876652,93,58.3,-134.42,48.99,7.52
rancho palos verdes,0,US,1600876652,97,33.74,-118.39,69.01,1.01
fare,26,PF,1600876652,77,-16.7,-151.02,79.36,16.84
ponta do sol,40,CV,1600876652,74,17.2,-25.09,86.0,10.29
katherine,4,AU,1600876652,40,-14.47,132.27,87.8,6.93
tanout,0,NE,1600876653,11,14.97,8.89,100.11,12.75
sovetskaya,0,RU,1600876653,61,44.78,41.17,64.44,9.84
skibbereen,40,IE,1600876653,58,51.55,-9.27,55.4,9.17
kinston,1,US,1600876459,68,35.26,-77.58,69.01,3.31
kavieng,73,PG,1600876653,67,-2.57,150.8,82.35,8.39
oranjemund,0,NA,1600876653,39,-28.55,16.43,69.12,16.15
saskylakh,0,RU,1600876653,72,71.92,114.08,45.45,14.34
chuy,64,UY,1600876653,58,-33.7,-53.46,64.09,4.52
kulhudhuffushi,97,MV,1600876653,79,6.62,73.07,82.29,14.7
rio grande,68,BR,1600876654,70,-32.03,-52.1,64.87,6.38
bluff,79,NZ,1600876654,81,-46.6,168.33,50.0,5.01
vestmannaeyjar,20,IS,1600876654,63,63.44,-20.27,44.6,3.36
abashiri,13,JP,1600876654,84,44.02,144.27,52.56,8.86
ekhabi,0,RU,1600876654,82,53.51,142.97,42.51,3.67
sao filipe,16,CV,1600876654,77,14.9,-24.5,80.69,5.28
chitral,0,PK,1600876654,27,35.85,71.79,70.99,1.97
ahipara,46,NZ,1600876654,91,-35.17,173.17,58.59,10.4
grants,1,US,1600876655,39,35.15,-107.85,64.4,4.7
constitucion,5,MX,1600876655,72,23.99,-104.67,68.0,4
sitka,90,US,1600876655,62,57.05,-135.33,57.2,20.8
joshimath,19,IN,1600876655,58,30.57,79.57,61.34,1.1
sistranda,40,NO,1600876655,76,63.73,8.83,50.0,20.8
vostok,0,RU,1600876655,98,46.49,135.88,42.51,3.2
smidovich,78,RU,1600876656,89,48.6,133.82,51.76,5.86
ixtapa,40,MX,1600876656,88,20.7,-105.2,80.6,5.82
upernavik,98,GL,1600876455,97,72.79,-56.15,27.7,10.56
touros,40,BR,1600876607,51,-5.2,-35.46,86.0,17.22
chokurdakh,76,RU,1600876656,93,70.63,147.92,36.45,7.63
dicabisagan,100,PH,1600876656,83,17.08,122.42,79.05,5.82
garowe,54,SO,1600876716,39,8.41,48.48,88.81,20.65
belyy yar,100,RU,1600876716,87,53.6,91.39,46.4,4.47
olafsvik,99,IS,1600876717,74,64.89,-23.71,38.43,23.09
thunder bay,20,CA,1600876717,40,48.4,-89.32,71.6,6.49
rabak,60,SD,1600876717,44,13.18,32.74,90.07,6.33
bilibino,100,RU,1600876717,93,68.05,166.44,33.57,5.01
grand gaube,0,MU,1600876717,70,-20.01,57.66,70.0,4
kismayo,8,SO,1600876717,80,-0.36,42.55,78.58,14
vardo,75,NO,1600876718,70,70.37,31.11,44.6,18.34
norman wells,40,CA,1600876718,92,65.28,-126.83,28.4,3.36
el alto,40,PE,1600876718,77,-4.27,-81.21,68.0,12.75
asosa,99,ET,1600876719,98,10.07,34.53,64.33,0.54
butaritari,61,KI,1600876719,75,3.07,172.79,81.64,14.94
east london,6,ZA,1600876719,50,-33.02,27.91,75.2,5.82
hualmay,52,PE,1600876720,65,-11.1,-77.61,68.22,8.16
saint-georges,75,GF,1600876720,62,3.9,-51.8,89.6,4.7
ryotsu,80,JP,1600876720,77,38.08,138.43,68.0,3.36
lethem,16,GY,1600876720,53,3.38,-59.8,91.94,9.22
namibe,29,AO,1600876720,79,-15.2,12.15,67.37,13.44
guerrero negro,0,MX,1600876720,56,27.98,-114.06,78.55,7.07
george,0,ZA,1600876720,68,-33.96,22.46,66.2,4.7
san patricio,40,MX,1600876720,83,19.22,-104.7,82.4,0.67
komsomolskiy,0,RU,1600876721,72,43.98,46.7,63.63,10
goma,56,CD,1600876721,71,-1.68,29.22,68.9,4.43
bundaberg,75,AU,1600876721,100,-24.85,152.35,71.01,6.93
vila velha,90,BR,1600876594,94,-20.33,-40.29,69.8,19.46
teeli,24,RU,1600876721,67,51.03,90.23,41.76,0.85
kosh-agach,13,RU,1600876721,85,50,88.67,33.48,3.74
kosa,52,RU,1600876721,82,59.94,55,39.83,8.77
klaksvik,51,FO,1600876721,81,62.23,-6.59,46.4,18.34
bilma,0,NE,1600876722,10,18.69,12.92,100.74,4.21
brae,20,GB,1600876722,62,60.4,-1.35,51.8,4.7
barabinsk,100,RU,1600876722,84,55.36,78.36,44.53,20.02
oksfjord,20,NO,1600876722,66,70.24,22.35,48.2,12.75
sao felix do xingu,29,BR,1600876722,32,-6.64,-51.99,98.42,5.3
aklavik,90,CA,1600876723,91,68.22,-135.01,32.0,6.93
tuktoyaktuk,75,CA,1600876723,100,69.45,-133.04,33.8,6.93
areosa,75,PT,1600876723,77,41.72,-8.86,69.01,5.82
namatanai,19,PG,1600876723,68,-3.67,152.43,79.5,4.68
ottawa,20,CA,1600876503,72,45.41,-75.7,69.01,11.41
mount isa,0,AU,1600876723,26,-20.73,139.5,71.6,10.29
kudat,20,MY,1600876724,88,6.88,116.85,77.0,4.7
kologriv,62,RU,1600876724,70,58.83,44.32,46.06,2.06
baiyin,1,CN,1600876724,93,36.56,104.21,57.0,4.47
sandila,90,IN,1600876724,94,27.08,80.52,80.6,6.93
bredasdorp,0,ZA,1600876724,63,-34.53,20.04,66.2,6.93
dakar,75,SN,1600876722,74,14.69,-17.44,87.8,9.17
porto novo,40,CV,1600876724,74,17.02,-25.06,86.0,10.29
bathsheba,40,BB,1600876724,66,13.22,-59.52,89.6,12.75
ippy,100,CF,1600876725,93,6.27,21.22,75.43,3.44
kloulklubed,75,PW,1600876761,88,7.04,134.26,77.0,3.36
kuvandyk,96,RU,1600876785,76,51.48,57.36,51.73,10.07
mahebourg,40,MU,1600876758,68,-20.41,57.7,71.6,4.7
ramona,1,US,1600876575,63,33.04,-116.87,70.0,1.48
nanortalik,88,GL,1600876785,72,60.14,-45.24,39.54,11.65
qaqortoq,40,GL,1600876785,21,60.72,-46.03,41.0,8.05
conakry,75,GN,1600876785,70,9.54,-13.68,87.8,11.41
new port richey,40,US,1600876720,61,28.24,-82.72,84.0,8.01
sur,53,OM,1600876785,57,22.57,59.53,83.14,3.44
kruisfontein,30,ZA,1600876786,69,-34,24.73,66.0,3
canico,40,PT,1600876786,57,32.63,-16.85,80.6,14.99
santa cruz,75,CR,1600876786,88,10.26,-85.59,82.4,3.36
cherskiy,100,RU,1600876786,94,68.75,161.3,41.23,14.23
tecoanapa,23,MX,1600876786,65,16.52,-98.75,85.21,2.21
chicama,75,PE,1600876786,63,-7.84,-79.15,71.01,8.52
murovani kurylivtsi,8,UA,1600876786,41,48.72,27.52,70.0,4
meulaboh,100,ID,1600876786,93,4.14,96.13,74.75,5.93
marion,75,US,1600876673,68,39.77,-86.16,71.01,4.7
kahului,90,US,1600876765,64,20.89,-156.47,73.99,10.85
pisco,90,PE,1600876787,77,-13.7,-76.22,64.4,6.93
dubti,97,ET,1600876787,13,11.74,41.09,101.8,9.71
palmer,20,US,1600876787,52,42.16,-72.33,71.01,6.93
astana,90,KZ,1600876662,87,51.18,71.45,46.4,15.66
kawambwa,48,ZM,1600876787,24,-9.79,29.08,81.3,4.56
jacareacanga,21,BR,1600876787,36,-6.22,-57.75,96.3,4.74
grand-santi,78,GF,1600876787,35,4.25,-54.38,95.49,5.08
burns lake,100,CA,1600876787,80,54.23,-125.75,48.2,4.85
byron bay,100,AU,1600876788,63,-28.65,153.62,66.99,6.93
plettenberg bay,21,ZA,1600876788,64,-34.05,23.37,61.9,5.21
iqaluit,90,CA,1600876595,83,63.75,-68.51,35.6,26.4
puerto ayora,99,EC,1600876788,87,-0.74,-90.35,69.01,5.99
fairbanks,40,US,1600876771,93,64.84,-147.72,46.4,4.27
margate,0,ZA,1600876788,64,-30.86,30.37,68.79,12.24
laje,99,BR,1600876788,35,-10.18,-40.97,87.06,13.8
marawi,31,SD,1600876788,7,18.48,31.82,105.82,13.49
umm kaddadah,72,SD,1600876788,38,13.6,26.69,89.17,18.86
leningradskiy,100,RU,1600876789,94,69.38,178.42,35.76,15.39
punta alta,0,AR,1600876789,32,-38.88,-62.07,66.76,10.74
sainte-anne-des-monts,89,CA,1600876789,80,49.12,-66.49,49.62,8.95
saldanha,0,ZA,1600876789,53,-33.01,17.94,71.6,11.41
lavrentiya,86,RU,1600876789,85,65.58,-171,38.41,4.65
salalah,75,OM,1600876777,94,17.02,54.09,78.8,10.29
sola,10,VU,1600876789,82,-13.88,167.55,78.1,19.77
torbay,90,CA,1600876789,100,47.67,-52.73,66.99,32.21
belmonte,75,BR,1600876790,69,-15.86,-38.88,78.8,14.99
odienne,53,CI,1600876790,67,9.51,-7.57,83.52,4.07
auki,49,SB,1600876790,82,-8.77,160.7,77.52,4.21
julio de castilhos,0,BR,1600876790,57,-29.23,-53.68,75.2,2.24
tanuma,100,JP,1600876790,92,36.37,139.58,71.01,4
rocha,100,UY,1600876790,51,-34.48,-54.33,65.25,4.18
egvekinot,90,RU,1600876850,89,66.32,-179.17,33.91,2.82
matagami,90,CA,1600876851,87,49.75,-77.63,55.4,9.17
mundo nuevo,0,MX,1600876851,76,18.7,-95.5,80.08,4.83
almeirim,33,BR,1600876851,40,-1.52,-52.58,94.71,6.71
mount gambier,40,AU,1600876771,100,-37.83,140.77,41.0,6.93
remanso,28,BR,1600876851,36,-9.62,-42.08,89.31,12.26
hun,0,LY,1600876851,17,29.13,15.95,96.03,3.22
comodoro rivadavia,0,AR,1600876823,46,-45.87,-67.5,59.0,19.46
pangai,0,TO,1600876852,79,-19.8,-174.35,74.34,11.23
sao jose da coroa grande,51,BR,1600876852,68,-8.9,-35.15,80.06,12.53
mobaye,49,CF,1600876852,88,4.32,21.18,78.8,2.39
adrar,0,DZ,1600876853,7,25.75,-1,109.13,5.48
manokwari,26,ID,1600876853,76,-0.87,134.08,78.62,4.72
talnakh,75,RU,1600876854,80,69.49,88.4,41.0,8.95
provideniya,6,RU,1600876854,81,64.38,-173.3,36.9,4.25
camalu,0,MX,1600876854,30,30.85,-116.07,79.0,5.32
luwuk,93,ID,1600876855,75,-0.95,122.79,77.94,3.38
vila praia de ancora,40,PT,1600876855,72,41.81,-8.85,69.01,10.29
navirai,0,BR,1600876855,51,-23.07,-54.19,80.13,5.75
jangipur,100,IN,1600876855,90,24.47,88.07,81.05,8.48
strezhevoy,75,RU,1600876855,81,60.73,77.59,44.6,13.42
maceio,75,BR,1600876812,65,-9.67,-35.74,80.6,13.87
hofn,40,IS,1600876856,52,64.25,-15.21,42.8,16.11
miyako,100,JP,1600876856,84,39.64,141.95,63.81,10.18
annau,0,TM,1600876856,22,37.89,58.52,75.2,6.93
broome,2,AU,1600876856,83,-17.97,122.23,75.2,2.24
flinders,0,AU,1600876857,63,-34.58,150.86,55.99,1.01
ust-maya,17,RU,1600876858,80,60.42,134.53,38.14,2.37
salinopolis,63,BR,1600876858,62,-0.61,-47.36,84.63,13.15
onega,44,RU,1600876858,70,63.91,38.14,47.03,9.31
premia de mar,9,ES,1600876858,61,41.49,2.37,81.0,11.01
palafrugell,0,ES,1600876858,79,41.92,3.16,86.0,13.87
olga,95,RU,1600876766,90,43.74,135.29,50.34,6.58
sidi ali,77,DZ,1600876859,41,36.1,0.42,79.36,8.66
ocos,40,GT,1600876859,79,14.51,-92.19,86.0,2.26
berlevag,75,NO,1600876859,75,70.86,29.09,42.8,16.11
ribeira grande,75,PT,1600876860,68,38.52,-28.7,68.0,17.22
rajpipla,75,IN,1600876860,94,21.87,73.5,80.6,8.05
fortuna,1,US,1600876860,87,40.6,-124.16,62.01,8.05
kurilsk,0,RU,1600876860,75,45.23,147.88,50.83,4.88
solnechnyy,0,RU,1600876785,82,50.72,136.63,45.64,2.21
carberry,90,CA,1600876860,87,49.87,-99.36,50.0,18.34
camacha,20,PT,1600876777,65,33.08,-16.33,78.8,16.11
omsukchan,99,RU,1600876861,90,62.53,155.8,31.12,5.3
port elizabeth,36,ZA,1600876861,68,-33.92,25.57,66.2,8.05
sao paulo de olivenca,99,BR,1600876863,91,-3.38,-68.87,79.29,4
odweyne,69,SO,1600876864,56,9.41,45.06,74.39,19.57
tocopilla,25,CL,1600876777,46,-22.09,-70.2,68.13,4.74
vaijapur,100,IN,1600876865,88,19.92,74.73,76.33,8.84
harper,56,LR,1600876865,84,4.38,-7.72,78.66,13.11
prince albert,20,CA,1600876810,81,53.2,-105.77,48.2,5.82
seoul,90,KR,1600876812,59,37.57,126.98,66.2,3.36
sorong,96,ID,1600876926,85,-0.88,131.25,78.66,5.19
nemuro,0,JP,1600876926,70,43.32,145.57,56.19,10.8
akyab,100,MM,1600876926,84,20.15,92.9,82.2,5.12
jalu,0,LY,1600876926,26,29.03,21.55,88.7,9.24
taksimo,52,RU,1600876926,73,56.34,114.88,43.54,1.54
ati,62,TD,1600876926,36,13.22,18.34,94.46,12.57
bambari,76,CF,1600876926,83,5.77,20.68,79.38,2.04
daru,99,PG,1600876927,85,-9.08,143.21,77.58,12.91
bubaque,26,GW,1600876927,79,11.28,-15.83,81.57,11.54
san cristobal,75,EC,1600876927,78,-0.9,-89.62,71.6,16.11
kirakira,97,SB,1600876927,83,-10.45,161.92,78.46,7.11
dubai,13,AE,1600876663,26,25.26,55.3,98.6,8.05
leeuwarden,90,NL,1600876927,77,53.2,5.81,68.0,14.99
chernyshevskiy,0,RU,1600876927,82,63.01,112.47,42.73,4.54
kodiak,90,US,1600876927,87,57.79,-152.41,50.0,14.99
lewistown,1,US,1600876928,46,40.6,-77.57,73.4,9.17
massakory,49,TD,1600876928,18,13,15.73,99.63,6.17
umm lajj,0,SA,1600876928,72,25.02,37.27,86.25,6.8
urucui,0,BR,1600876928,19,-7.23,-44.56,102.99,9.93
senanga,0,ZM,1600876928,13,-16.12,23.27,90.09,9.1
acara,17,BR,1600876928,36,-1.96,-48.2,97.27,4.68
meiktila,100,MM,1600876929,89,20.87,95.87,78.1,10.2
longyan,98,CN,1600876845,87,25.11,117.02,72.48,2.42
naze,90,JP,1600876929,100,28.37,129.48,77.0,9.17
port moresby,78,PG,1600876929,91,-9.44,147.18,75.09,9.42
vaike-maarja,0,EE,1600876929,80,59.13,26.25,61.02,5.91
vienne,96,FR,1600876929,68,46.5,0.5,71.6,14.99
bairiki,20,KI,1600876930,78,1.33,172.98,80.6,11.41
wasco,0,US,1600876930,55,35.59,-119.34,71.01,3.36
grindavik,40,IS,1600876930,60,63.84,-22.43,41.0,19.46
maun,0,BW,1600876931,24,-19.98,23.42,91.4,8.05
mackay,40,AU,1600876931,88,-21.15,149.2,69.8,2.24
asfi,95,MA,1600876931,42,32.3,-9.24,83.55,24.67
ponta delgada,75,PT,1600876931,88,37.73,-25.67,66.2,27.51
sun valley,1,US,1600876931,32,39.6,-119.78,61.0,1.86
sangar,93,RU,1600876795,77,63.92,127.47,40.46,1.54
hithadhoo,43,MV,1600876931,62,-0.6,73.08,82.87,5.19
denpasar,20,ID,1600876819,100,-8.65,115.22,78.8,2.24
nabire,88,ID,1600876931,84,-3.37,135.48,75.81,3.02
atambua,18,ID,1600876932,81,-9.11,124.89,72.9,4.65
severo-kurilsk,5,RU,1600876932,75,50.68,156.12,46.65,14.74
karasburg,0,NA,1600876932,10,-28.02,18.75,85.42,5.77
muros,100,ES,1600876932,75,42.78,-9.06,69.01,11.99
balkhash,100,KZ,1600876932,42,46.84,74.98,60.71,21.97
arman,71,RU,1600876932,69,59.7,150.17,39.2,9.04
juterbog,75,DE,1600876932,36,51.98,13.08,78.8,5.82
tarakan,78,ID,1600876853,78,3.3,117.63,79.95,7.36
mtinko,0,TZ,1600876933,34,-4.55,34.85,72.01,7.47
kholm,5,AF,1600876993,15,36.69,67.7,71.6,8.05
coihaique,20,CL,1600876993,66,-45.58,-72.07,50.0,6.93
ayan,42,RU,1600876993,68,56.45,138.17,50.72,3.53
celestun,0,MX,1600876993,61,20.87,-90.4,87.04,1.34
zuidhorn,75,NL,1600876993,77,53.25,6.4,66.99,11.41
cap-aux-meules,90,CA,1600876993,100,47.38,-61.86,59.0,14.99
teahupoo,20,PF,1600876994,69,-17.83,-149.27,77.0,5.82
cessnock,0,AU,1600876994,84,-32.83,151.35,53.01,5.55
ishigaki,16,JP,1600876804,71,24.34,124.16,81.36,12.82
monte alegre de sergipe,88,BR,1600876994,46,-10.03,-37.56,84.94,13.09
shenkursk,25,RU,1600876994,76,62.11,42.9,43.77,4
buraydah,0,SA,1600876994,16,26.33,43.98,100.4,9.17
sao francisco do sul,82,BR,1600876990,79,-26.24,-48.64,70.0,4.25
trairi,0,BR,1600876995,47,-3.28,-39.27,87.24,18.52
ilulissat,40,GL,1600876995,58,69.22,-51.1,28.4,2.24
kearney,90,US,1600876827,88,40.7,-99.08,62.6,13.87
kemijarvi,100,FI,1600876995,83,66.71,27.43,46.24,7.76
alofi,100,NU,1600876778,100,-19.06,-169.92,68.0,1.12
garden city,1,US,1600876774,68,42.33,-83.33,73.4,6.6
charleston,1,US,1600876755,46,32.78,-79.93,75.0,3.71
foki,99,RU,1600876995,67,56.69,54.35,45.91,8.9
pochutla,5,MX,1600876995,70,15.74,-96.47,89.01,4.05
eresos,13,GR,1600876996,61,39.17,25.93,78.8,4.18
fonte boa,100,BR,1600876996,81,-2.5,-66.27,81.36,4.9
buala,38,SB,1600876996,75,-8.14,159.59,80.17,1.83
verkhnyaya inta,98,RU,1600876996,92,65.98,60.31,39.07,4.12
karangasem,20,ID,1600876996,100,-8.45,115.62,78.8,2.24
katsuura,75,JP,1600876996,100,35.13,140.3,68.0,20.8
hamilton,40,BM,1600876917,47,32.29,-64.78,78.8,9.17
mbala,64,ZM,1600876997,31,-8.84,31.37,74.57,6.08
san quintin,0,MX,1600876837,51,30.48,-115.95,77.77,8.16
scottsbluff,40,US,1600876997,45,41.87,-103.67,73.99,6.93
carutapera,22,BR,1600876997,57,-1.2,-46.02,87.44,11.07
cotonou,40,BJ,1600876997,78,6.37,2.42,82.4,10.29
tuatapere,51,NZ,1600876789,81,-46.13,167.68,50.0,5.01
lagoa,49,PT,1600876997,76,39.05,-27.98,64.31,23.51
rudbar,0,AF,1600876997,20,30.15,62.6,74.16,17.05
waipawa,32,NZ,1600876998,93,-41.41,175.52,59.0,18.34
pueblo,1,US,1600876762,42,38.25,-104.61,73.0,8.05
sibenik,75,HR,1600876766,68,43.73,15.91,73.99,8.05
aden,100,YE,1600876756,61,12.78,45.04,89.78,6.49
kharan,0,PK,1600876998,17,28.58,65.42,78.76,3.74
tuy hoa,78,VN,1600876998,83,13.08,109.3,79.0,2.39
micheweni,14,TZ,1600876998,81,-4.97,39.83,77.68,9.73
esperance,14,AU,1600876999,93,-33.87,121.9,50.0,8.05
yamada,100,JP,1600876999,85,39.47,141.95,64.08,11.03
qasigiannguit,40,GL,1600876999,58,68.82,-51.19,28.4,2.24
sisimiut,1,GL,1600876999,83,66.94,-53.67,34.34,12.12
hobyo,29,SO,1600876773,83,5.35,48.53,77.58,24.81
lusambo,67,CD,1600876747,82,-4.97,23.45,72.54,5.23
pangody,45,RU,1600877059,89,65.85,74.49,38.5,7.7
coria,85,ES,1600877060,67,39.99,-6.54,73.99,3
shorewood,1,US,1600877060,68,41.52,-88.2,71.01,4.74
chapais,90,CA,1600877060,93,49.78,-74.85,55.4,6.93
narsaq,40,GL,1600877060,21,60.92,-46.05,41.0,8.05
intipuca,8,SV,1600877060,70,13.2,-88.05,84.2,1.68
pudozh,73,RU,1600877060,93,61.81,36.53,49.48,5.03
hambantota,75,LK,1600876764,83,6.12,81.12,80.6,5.82
taunton,79,GB,1600876977,71,51.02,-3.1,61.0,11.01
laguna,0,BR,1600877061,67,-28.48,-48.78,69.15,21.5
dalvik,75,IS,1600877061,86,65.97,-18.53,37.4,13.87
novosergiyevka,60,RU,1600877061,77,52.09,53.65,53.24,8.57
inhambane,40,MZ,1600877062,53,-23.86,35.38,73.4,9.17
harnosand,69,SE,1600877062,68,62.63,17.94,64.4,5.82
duobao,16,CN,1600877062,89,30.67,112.69,66.0,2.73
rawson,0,AR,1600877062,33,-43.3,-65.1,60.01,4.23
tura,78,RU,1600877062,88,64.28,100.25,39.33,2.62
ancud,0,CL,1600877063,58,-41.87,-73.82,53.01,2.39
okato,100,NZ,1600877063,96,-39.2,173.88,57.99,8.99
dubbo,32,AU,1600877063,93,-32.25,148.62,42.8,3.36
karratha,4,AU,1600877063,48,-20.74,116.85,71.53,4.97
elizabeth city,1,US,1600877063,60,36.29,-76.25,72.0,6.93
takoradi,67,GH,1600877064,82,4.88,-1.76,77.76,12.15
iquitos,75,PE,1600877064,74,-3.75,-73.25,84.2,5.82
dapitan,100,PH,1600877064,88,8.65,123.42,81.0,9.04
shirgaon,100,IN,1600877064,84,19.7,72.7,81.52,2.77
darhan,7,MN,1600877065,58,49.49,105.92,45.09,1.19
georgetown,100,SH,1600877065,80,-7.93,-14.42,73.54,12.66
haines junction,100,CA,1600877065,83,60.75,-137.51,38.53,2.82
saint-louis,23,SN,1600877065,50,16.33,-15,98.6,2.24
cap malheureux,1,MU,1600877066,70,-19.98,57.61,70.0,4
oxbow,82,CA,1600876934,85,49.23,-102.17,53.01,14
beaverlodge,75,CA,1600877066,100,55.22,-119.44,42.8,3.36
alibag,90,IN,1600877066,100,18.64,72.88,78.8,5.82
port hardy,75,CA,1600877066,82,50.7,-127.42,57.2,16.11
kenai,90,US,1600877066,87,60.55,-151.26,51.01,8.05
moussoro,17,TD,1600877066,14,13.64,16.49,102.33,10.29
alakurtti,96,RU,1600877067,75,66.97,30.35,46.99,7
maryville,90,US,1600877067,72,35.76,-83.97,68.0,8.05
tena,90,EC,1600877067,100,-0.98,-77.82,71.6,3.36
deputatskiy,23,RU,1600877067,94,69.3,139.9,32.74,4.18
rovaniemi,90,FI,1600877067,93,66.5,25.72,46.4,11.41
saint-augustin,100,CA,1600876790,89,51.23,-58.65,60.49,10.67
vestmanna,79,FO,1600877067,81,62.16,-7.17,46.4,18.34
petropavl,97,KZ,1600877068,83,54.88,69.16,43.45,19.44
mount barker,0,AU,1600877068,87,-35.07,138.87,46.0,1.01
quatre cocos,40,MU,1600877068,68,-20.21,57.76,71.6,4.7
dawei,100,MM,1600877069,88,14.08,98.2,78.42,0.76
channel-port aux basques,99,CA,1600877069,89,47.57,-59.14,60.62,37.6
sindou,97,BF,1600877070,78,10.67,-5.17,80.65,2.62
port lincoln,83,AU,1600877130,66,-34.73,135.87,52.3,10.02
pando,87,UY,1600877130,45,-34.72,-55.95,68.0,2.24
dikson,96,RU,1600877130,84,73.51,80.55,40.39,15.66
ballina,90,AU,1600877130,63,-28.87,153.57,66.99,6.93
manoel urbano,82,BR,1600877131,41,-8.84,-69.26,90.84,5.08
taoudenni,33,ML,1600877131,7,22.68,-3.98,110.61,7.78
orocue,100,CO,1600877131,63,4.79,-71.34,88.36,3.49
sambava,61,MG,1600877131,70,-14.27,50.17,72.3,17.45
henties bay,41,NA,1600877131,88,-22.12,14.28,57.0,1.99
havoysund,75,NO,1600877131,70,71,24.66,46.4,14.99
nishihara,20,JP,1600877131,100,26.18,127.76,80.6,4
key west,90,US,1600877126,58,24.56,-81.78,87.8,12.75
grand-lahou,48,CI,1600877132,83,5.14,-5.02,77.63,12.19
ossora,0,RU,1600877132,80,59.24,163.07,36.84,5.57
cockburn town,4,TC,1600877132,74,21.46,-71.14,83.14,10.36
weligama,29,LK,1600877132,87,5.97,80.42,78.58,7.67
laichingen,15,DE,1600877132,74,48.49,9.69,68.0,4
najran,35,SA,1600877132,16,17.49,44.13,87.8,6.93
oum hadjer,4,TD,1600877132,36,13.3,19.7,95.83,4.94
limbang,75,MY,1600877133,94,4.75,115,77.0,3.36
liberal,90,US,1600877133,77,37.04,-100.92,66.2,10.29
dahuk,0,IQ,1600877133,25,36.87,42.99,76.03,2.51
opatija,75,HR,1600877133,93,45.34,14.31,66.99,6.93
hami,2,CN,1600877133,27,42.8,93.45,69.96,7.76
nuuk,20,GL,1600877133,47,64.18,-51.72,37.4,20.8
yangjiang,90,CN,1600877133,87,21.85,111.97,79.12,2.62
leshukonskoye,29,RU,1600877133,89,64.9,45.76,40.68,4.29
conde,75,BR,1600877127,51,-7.26,-34.91,86.0,16.11
outjo,29,NA,1600877134,11,-20.12,16.15,93.51,7.34
manggar,100,ID,1600877134,82,-2.88,108.27,81.5,7.27
geraldton,66,AU,1600877134,50,-28.77,114.6,57.2,3.36
necochea,50,AR,1600877134,47,-38.55,-58.74,70.0,11.99
sabang,97,ID,1600877134,83,5.89,95.32,80.78,20.94
yulara,0,AU,1600877134,23,-25.24,130.99,62.6,9.17
gamba,38,GA,1600877134,76,-2.65,10,77.59,8.41
chihuahua,5,MX,1600877135,35,28.5,-106,73.99,6.93
evensk,100,RU,1600877135,70,61.95,159.23,38.43,9.4
okhotsk,54,RU,1600877135,82,59.38,143.3,45.28,2.71
whitecourt,75,CA,1600877135,93,54.15,-115.69,41.0,10.29
yako,11,BF,1600877135,44,12.97,-2.27,91.76,14.07
acapulco,20,MX,1600877135,74,16.86,-99.89,84.2,4.7
poum,21,NC,1600877135,79,-20.23,164.02,71.89,11.39
tabas,0,IR,1600877135,17,33.6,56.92,71.91,7.7
maragogi,43,BR,1600877136,67,-9.01,-35.22,79.93,12.44
lipin bor,31,RU,1600877136,91,60.26,37.98,52.83,7.49
sobolevo,0,RU,1600877136,74,54.43,31.9,58.14,6.78
karangampel,89,ID,1600877136,75,-6.46,108.45,82.72,7.36
anadyr,100,RU,1600877136,93,64.75,177.48,35.6,4.47
varena,62,LT,1600877136,60,54.22,24.57,71.01,5.82
maliq,40,AL,1600877136,60,40.71,20.7,71.6,8.05
baykit,98,RU,1600877197,80,61.67,96.37,46.65,6.67
coahuayana,5,MX,1600877197,78,18.73,-103.68,77.0,0.29
kushiro,4,JP,1600877197,89,42.98,144.37,49.84,9.8
hushitai,100,CN,1600877197,87,41.93,123.51,60.8,2.24
bud,40,NO,1600877197,61,62.91,6.91,50.0,12.75
caieiras,75,BR,1600877197,64,-23.36,-46.74,70.0,12.75
boueni,4,YT,1600877198,78,-12.9,45.08,78.8,6.93
sokolo,83,ML,1600877198,32,14.73,-6.12,96.22,11.52
wasilla,90,US,1600877198,62,61.58,-149.44,51.8,10.29
thinadhoo,42,MV,1600877198,64,0.53,72.93,83.03,6.17
pitimbu,75,BR,1600877198,51,-7.47,-34.81,86.0,16.11
beringovskiy,59,RU,1600877199,71,63.05,179.32,40.53,8.37
barra patuca,55,HN,1600877199,61,15.8,-84.28,86.68,3.2
gorontalo,98,ID,1600877199,90,0.54,123.06,75.16,2.15
port hedland,20,AU,1600877199,37,-20.32,118.57,71.6,5.82
kiama,0,AU,1600877199,64,-34.68,150.87,55.0,10
la baule-escoublac,75,FR,1600877200,88,47.29,-2.36,66.2,13.87
uren,51,RU,1600877200,65,57.46,45.79,47.57,2.86
bagh,100,IN,1600877200,84,22.37,74.77,79.93,9.55
axim,56,GH,1600877200,81,4.87,-2.24,78.1,11.36
elliot lake,40,CA,1600876930,87,46.38,-82.63,59.0,2.24
paciran,79,ID,1600877200,78,-6.88,112.38,81.36,3.02
ahuimanu,20,US,1600877201,74,21.44,-157.84,78.8,9.17
kapit,100,MY,1600877201,94,2.02,112.93,72.66,1.12
demir kapija,100,MK,1600877201,65,41.41,22.25,72.0,7.72
lebedyn,0,UA,1600877202,30,50.59,34.48,62.94,3.04
shache,81,CN,1600877202,26,38.42,77.24,65.12,6.82
pahrump,0,US,1600877202,24,36.21,-115.98,73.99,4.38
riberalta,55,BO,1600877202,58,-10.98,-66.1,82.4,9.17
sechura,71,PE,1600877203,61,-5.56,-80.82,72.25,6.13
ambilobe,86,MG,1600877203,62,-13.2,49.05,75.79,2.17
itoman,20,JP,1600877203,88,26.12,127.67,80.6,3.36
xinglongshan,20,CN,1600877203,87,43.96,125.47,50.0,4.76
soroti,41,UG,1600877203,72,1.71,33.61,73.72,4.52
palmerston,52,AU,1600877204,78,-12.49,130.98,82.4,3.36
san juan,89,AR,1600877204,18,-31.54,-68.54,77.25,11.41
yar-sale,91,RU,1600877204,81,66.83,70.83,39.72,10.11
kassala,62,SD,1600877205,24,15.45,36.4,96.35,5.44
stolac,40,BA,1600877205,57,43.08,17.96,77.0,9.17
suntar,0,RU,1600877205,75,62.14,117.63,43.75,4.72
arlit,0,NE,1600877205,9,18.74,7.39,102.25,15.68
san jose,0,BO,1600877205,45,-17.94,-63.35,84.2,6.93
pyinmana,95,MM,1600877205,89,19.73,96.22,75.83,3.96
ajdabiya,0,LY,1600877206,45,30.76,20.23,81.77,11.45
panzhihua,100,CN,1600877206,80,26.59,101.71,63.0,1.21
lakes entrance,8,AU,1600877206,88,-37.88,147.98,44.01,16.28
vao,32,NC,1600877206,79,-22.67,167.48,69.75,11.65
willmar,1,US,1600877013,60,45.12,-95.04,71.6,6.93
baijiantan,36,CN,1600877206,29,45.63,85.18,64.29,5.17
koulikoro,76,ML,1600877206,47,14,-7.75,90.93,4.99
tautira,20,PF,1600877266,69,-17.73,-149.15,77.0,5.82
basco,55,PH,1600877267,77,20.45,121.97,82.47,14.38
westport,39,NZ,1600877267,90,-41.75,171.6,53.58,2.21
visby,29,SE,1600877267,64,57.64,18.3,68.0,12.75
noumea,0,NC,1600877249,88,-22.28,166.46,62.6,4.7
flin flon,75,CA,1600877267,87,54.77,-101.86,48.2,6.93
kailua,20,US,1600877049,74,21.4,-157.74,78.8,9.17
tumut,67,AU,1600877267,92,-35.3,148.22,42.82,2.46
chake chake,15,TZ,1600877267,82,-5.25,39.77,76.91,9.15
pastavy,53,BY,1600877267,77,55.12,26.83,62.15,7.05
mundi,100,IN,1600877268,82,22.07,76.5,79.61,7.87
sun prairie,40,US,1600877268,77,43.18,-89.21,71.01,7.18
nakhon phanom,100,TH,1600877268,88,17.41,104.78,77.47,1.74
tkibuli,8,GE,1600877268,83,42.35,43,73.4,9.17
lima,90,PE,1600877268,82,-12.04,-77.03,62.6,8.05
anori,76,BR,1600877268,45,-3.77,-61.64,94.68,5.37
libreville,75,GA,1600877268,78,0.39,9.45,80.6,9.17
tukrah,0,LY,1600877269,55,32.53,20.58,79.16,2.3
aripuana,67,BR,1600877269,29,-9.17,-60.63,101.3,2.86
